pair_id,pattern_code,pattern_name,reference_path,search_path,gt_x,gt_y,gt_norm_x,gt_norm_y,position_region,noise_level,noise_details,scale_factor,rotation_deg,drift_magnitude,drift_x,drift_y,stress_category,periodicity,is_mixed_stress,master_seed,pair_seed
PAIR_001,P1,FIN_ARRAY,submission_dataset/reference/ref_001.png,submission_dataset/search/search_001.png,507.968,515.0,0.508,0.515,arbitrary_interior,LOW,"dose=3500,det_sigma=0.8,blur=1.0,charging=False",0.1,0.0,0.0,0.0,0.0,NOISE_ROBUSTNESS,STANDARD,False,20260818,20268737
PAIR_002,P1,FIN_ARRAY,submission_dataset/reference/ref_002.png,submission_dataset/search/search_002.png,518.242,513.331,0.5182,0.5133,arbitrary_interior,MEDIUM,"dose=2000,det_sigma=1.6,blur=1.4,charging=False",0.1,0.0,0.0,0.0,0.0,NOISE_ROBUSTNESS,STANDARD,False,20260818,20276656
PAIR_003,P1,FIN_ARRAY,submission_dataset/reference/ref_003.png,submission_dataset/search/search_003.png,520.441,492.086,0.5204,0.4921,arbitrary_interior,HIGH,"dose=1000,det_sigma=2.4,blur=1.9,charging=False",0.1,0.0,0.0,0.0,0.0,NOISE_ROBUSTNESS,STANDARD,False,20260818,20284575
PAIR_004,P1,FIN_ARRAY,submission_dataset/reference/ref_004.png,submission_dataset/search/search_004.png,513.236,484.371,0.5132,0.4844,arbitrary_interior,SEVERE,"dose=500,det_sigma=3.2,blur=2.5,charging=True",0.1,0.0,0.0,0.0,0.0,NOISE_ROBUSTNESS,STANDARD,False,20260818,20292494
PAIR_005,P1,FIN_ARRAY,submission_dataset/reference/ref_005.png,submission_dataset/search/search_005.png,248.89,228.041,0.2489,0.228,top_left,MEDIUM,"dose=2000,det_sigma=1.5,blur=1.3,charging=False",0.1,0.0,0.0,0.0,0.0,POSITION_ROBUSTNESS,STANDARD,False,20260818,20300413
PAIR_006,P1,FIN_ARRAY,submission_dataset/reference/ref_006.png,submission_dataset/search/search_006.png,726.118,665.273,0.7261,0.6653,bottom_right,MEDIUM,"dose=2000,det_sigma=1.5,blur=1.3,charging=False",0.1,0.0,0.0,0.0,0.0,POSITION_ROBUSTNESS,STANDARD,False,20260818,20308332
PAIR_007,P1,FIN_ARRAY,submission_dataset/reference/ref_007.png,submission_dataset/search/search_007.png,536.854,510.393,0.5369,0.5104,arbitrary_interior,MEDIUM,"dose=2000,det_sigma=1.5,blur=1.3,charging=False",0.095,0.0,0.0,0.0,0.0,SCALE_ROBUSTNESS,STANDARD,False,20260818,20316251
PAIR_008,P1,FIN_ARRAY,submission_dataset/reference/ref_008.png,submission_dataset/search/search_008.png,443.547,566.47,0.4435,0.5665,arbitrary_interior,MEDIUM,"dose=2000,det_sigma=1.5,blur=1.3,charging=False",0.1087,0.0,0.0,0.0,0.0,SCALE_ROBUSTNESS,STANDARD,False,20260818,20324170
PAIR_009,P1,FIN_ARRAY,submission_dataset/reference/ref_009.png,submission_dataset/search/search_009.png,512.686,458.941,0.5127,0.4589,arbitrary_interior,MEDIUM,"dose=2000,det_sigma=1.5,blur=1.3,charging=False",0.1,-1.64,0.0,0.0,0.0,ROTATION_ROBUSTNESS,STANDARD,False,20260818,20332089
PAIR_010,P1,FIN_ARRAY,submission_dataset/reference/ref_010.png,submission_dataset/search/search_010.png,495.315,462.007,0.4953,0.462,arbitrary_interior,MEDIUM,"dose=2000,det_sigma=1.5,blur=1.3,charging=False",0.1,1.45,0.0,0.0,0.0,ROTATION_ROBUSTNESS,STANDARD,False,20260818,20340008
PAIR_011,P1,FIN_ARRAY,submission_dataset/reference/ref_011.png,submission_dataset/search/search_011.png,532.819,549.984,0.5328,0.55,arbitrary_interior,MEDIUM,"dose=2000,det_sigma=1.5,blur=1.3,charging=False",0.1,0.0,6.33,5.04,3.82,DRIFT_ROBUSTNESS,STANDARD,False,20260818,20347927
PAIR_012,P1,FIN_ARRAY,submission_dataset/reference/ref_012.png,submission_dataset/search/search_012.png,533.281,404.988,0.5333,0.405,arbitrary_interior,HIGH,"dose=1200,det_sigma=2.0,blur=1.6,charging=False",0.1,0.0,11.48,-8.48,-7.74,DRIFT_ROBUSTNESS,STANDARD,False,20260818,20355846
PAIR_013,P1,FIN_ARRAY,submission_dataset/reference/ref_013.png,submission_dataset/search/search_013.png,709.668,527.05,0.7097,0.527,right_edge,MEDIUM,"dose=2000,det_sigma=1.5,blur=1.3,charging=False",0.1,0.0,0.0,0.0,0.0,PERIODIC_AMBIGUITY,HIGH_REPEAT,False,20260818,20363765
PAIR_014,P1,FIN_ARRAY,submission_dataset/reference/ref_014.png,submission_dataset/search/search_014.png,289.905,685.022,0.2899,0.685,bottom_left,HIGH,"dose=1000,det_sigma=2.2,blur=1.8,charging=False",0.1,0.0,0.0,0.0,0.0,PERIODIC_AMBIGUITY,HIGH_REPEAT,False,20260818,20371684
PAIR_015,P1,FIN_ARRAY,submission_dataset/reference/ref_015.png,submission_dataset/search/search_015.png,763.765,236.473,0.7638,0.2365,top_right,HIGH,"dose=1100,det_sigma=2.1,blur=1.7,charging=True",0.0948,-0.36,5.42,-3.45,4.17,MIXED_STRESS,STANDARD,True,20260818,20379603
PAIR_016,P2,FIN_CUT,submission_dataset/reference/ref_016.png,submission_dataset/search/search_016.png,487.386,514.504,0.4874,0.5145,arbitrary_interior,LOW,"dose=3500,det_sigma=0.8,blur=1.0,charging=False",0.1,0.0,0.0,0.0,0.0,NOISE_ROBUSTNESS,STANDARD,False,20260818,20387522
PAIR_017,P2,FIN_CUT,submission_dataset/reference/ref_017.png,submission_dataset/search/search_017.png,483.913,510.92,0.4839,0.5109,arbitrary_interior,MEDIUM,"dose=2000,det_sigma=1.6,blur=1.4,charging=False",0.1,0.0,0.0,0.0,0.0,NOISE_ROBUSTNESS,STANDARD,False,20260818,20395441
PAIR_018,P2,FIN_CUT,submission_dataset/reference/ref_018.png,submission_dataset/search/search_018.png,509.742,514.781,0.5097,0.5148,arbitrary_interior,HIGH,"dose=1000,det_sigma=2.4,blur=1.9,charging=False",0.1,0.0,0.0,0.0,0.0,NOISE_ROBUSTNESS,STANDARD,False,20260818,20403360
PAIR_019,P2,FIN_CUT,submission_dataset/reference/ref_019.png,submission_dataset/search/search_019.png,484.559,486.521,0.4846,0.4865,arbitrary_interior,SEVERE,"dose=500,det_sigma=3.2,blur=2.5,charging=True",0.1,0.0,0.0,0.0,0.0,NOISE_ROBUSTNESS,STANDARD,False,20260818,20411279
PAIR_020,P2,FIN_CUT,submission_dataset/reference/ref_020.png,submission_dataset/search/search_020.png,271.56,266.86,0.2716,0.2669,top_left,MEDIUM,"dose=2000,det_sigma=1.5,blur=1.3,charging=False",0.1,0.0,0.0,0.0,0.0,POSITION_ROBUSTNESS,STANDARD,False,20260818,20419198
PAIR_021,P2,FIN_CUT,submission_dataset/reference/ref_021.png,submission_dataset/search/search_021.png,698.894,702.368,0.6989,0.7024,bottom_right,MEDIUM,"dose=2000,det_sigma=1.5,blur=1.3,charging=False",0.1,0.0,0.0,0.0,0.0,POSITION_ROBUSTNESS,STANDARD,False,20260818,20427117
PAIR_022,P2,FIN_CUT,submission_dataset/reference/ref_022.png,submission_dataset/search/search_022.png,520.971,424.822,0.521,0.4248,arbitrary_interior,MEDIUM,"dose=2000,det_sigma=1.5,blur=1.3,charging=False",0.093,0.0,0.0,0.0,0.0,SCALE_ROBUSTNESS,STANDARD,False,20260818,20435036
PAIR_023,P2,FIN_CUT,submission_dataset/reference/ref_023.png,submission_dataset/search/search_023.png,566.994,598.319,0.567,0.5983,arbitrary_interior,MEDIUM,"dose=2000,det_sigma=1.5,blur=1.3,charging=False",0.1097,0.0,0.0,0.0,0.0,SCALE_ROBUSTNESS,STANDARD,False,20260818,20442955
PAIR_024,P2,FIN_CUT,submission_dataset/reference/ref_024.png,submission_dataset/search/search_024.png,559.785,480.479,0.5598,0.4805,arbitrary_interior,MEDIUM,"dose=2000,det_sigma=1.5,blur=1.3,charging=False",0.1,-1.83,0.0,0.0,0.0,ROTATION_ROBUSTNESS,STANDARD,False,20260818,20450874
PAIR_025,P2,FIN_CUT,submission_dataset/reference/ref_025.png,submission_dataset/search/search_025.png,419.249,563.614,0.4192,0.5636,arbitrary_interior,MEDIUM,"dose=2000,det_sigma=1.5,blur=1.3,charging=False",0.1,1.25,0.0,0.0,0.0,ROTATION_ROBUSTNESS,STANDARD,False,20260818,20458793
PAIR_026,P2,FIN_CUT,submission_dataset/reference/ref_026.png,submission_dataset/search/search_026.png,587.229,543.61,0.5872,0.5436,arbitrary_interior,MEDIUM,"dose=2000,det_sigma=1.5,blur=1.3,charging=False",0.1,0.0,6.53,-3.04,5.78,DRIFT_ROBUSTNESS,STANDARD,False,20260818,20466712
PAIR_027,P2,FIN_CUT,submission_dataset/reference/ref_027.png,submission_dataset/search/search_027.png,457.185,410.878,0.4572,0.4109,arbitrary_interior,HIGH,"dose=1200,det_sigma=2.0,blur=1.6,charging=False",0.1,0.0,13.42,9.77,-9.2,DRIFT_ROBUSTNESS,STANDARD,False,20260818,20474631
PAIR_028,P2,FIN_CUT,submission_dataset/reference/ref_028.png,submission_dataset/search/search_028.png,700.235,513.013,0.7002,0.513,right_edge,MEDIUM,"dose=2000,det_sigma=1.5,blur=1.3,charging=False",0.1,0.0,0.0,0.0,0.0,PERIODIC_AMBIGUITY,HIGH_REPEAT,False,20260818,20482550
PAIR_029,P2,FIN_CUT,submission_dataset/reference/ref_029.png,submission_dataset/search/search_029.png,267.861,747.421,0.2679,0.7474,bottom_left,HIGH,"dose=1000,det_sigma=2.2,blur=1.8,charging=False",0.1,0.0,0.0,0.0,0.0,PERIODIC_AMBIGUITY,HIGH_REPEAT,False,20260818,20490469
PAIR_030,P2,FIN_CUT,submission_dataset/reference/ref_030.png,submission_dataset/search/search_030.png,757.547,233.285,0.7575,0.2333,top_right,HIGH,"dose=1100,det_sigma=2.1,blur=1.7,charging=True",0.1037,1.33,7.19,6.38,3.31,MIXED_STRESS,STANDARD,True,20260818,20498388
PAIR_031,P3,FIN_GATE,submission_dataset/reference/ref_031.png,submission_dataset/search/search_031.png,480.348,512.854,0.4803,0.5129,arbitrary_interior,LOW,"dose=3500,det_sigma=0.8,blur=1.0,charging=False",0.1,0.0,0.0,0.0,0.0,NOISE_ROBUSTNESS,STANDARD,False,20260818,20506307
PAIR_032,P3,FIN_GATE,submission_dataset/reference/ref_032.png,submission_dataset/search/search_032.png,512.759,518.8,0.5128,0.5188,arbitrary_interior,MEDIUM,"dose=2000,det_sigma=1.6,blur=1.4,charging=False",0.1,0.0,0.0,0.0,0.0,NOISE_ROBUSTNESS,STANDARD,False,20260818,20514226
PAIR_033,P3,FIN_GATE,submission_dataset/reference/ref_033.png,submission_dataset/search/search_033.png,479.611,511.28,0.4796,0.5113,arbitrary_interior,HIGH,"dose=1000,det_sigma=2.4,blur=1.9,charging=False",0.1,0.0,0.0,0.0,0.0,NOISE_ROBUSTNESS,STANDARD,False,20260818,20522145
PAIR_034,P3,FIN_GATE,submission_dataset/reference/ref_034.png,submission_dataset/search/search_034.png,523.058,488.148,0.5231,0.4881,arbitrary_interior,SEVERE,"dose=500,det_sigma=3.2,blur=2.5,charging=True",0.1,0.0,0.0,0.0,0.0,NOISE_ROBUSTNESS,STANDARD,False,20260818,20530064
PAIR_035,P3,FIN_GATE,submission_dataset/reference/ref_035.png,submission_dataset/search/search_035.png,319.063,206.974,0.3191,0.207,top_left,MEDIUM,"dose=2000,det_sigma=1.5,blur=1.3,charging=False",0.1,0.0,0.0,0.0,0.0,POSITION_ROBUSTNESS,STANDARD,False,20260818,20537983
PAIR_036,P3,FIN_GATE,submission_dataset/reference/ref_036.png,submission_dataset/search/search_036.png,717.479,729.598,0.7175,0.7296,bottom_right,MEDIUM,"dose=2000,det_sigma=1.5,blur=1.3,charging=False",0.1,0.0,0.0,0.0,0.0,POSITION_ROBUSTNESS,STANDARD,False,20260818,20545902
PAIR_037,P3,FIN_GATE,submission_dataset/reference/ref_037.png,submission_dataset/search/search_037.png,470.521,479.696,0.4705,0.4797,arbitrary_interior,MEDIUM,"dose=2000,det_sigma=1.5,blur=1.3,charging=False",0.091,0.0,0.0,0.0,0.0,SCALE_ROBUSTNESS,STANDARD,False,20260818,20553821
PAIR_038,P3,FIN_GATE,submission_dataset/reference/ref_038.png,submission_dataset/search/search_038.png,408.203,524.482,0.4082,0.5245,arbitrary_interior,MEDIUM,"dose=2000,det_sigma=1.5,blur=1.3,charging=False",0.1088,0.0,0.0,0.0,0.0,SCALE_ROBUSTNESS,STANDARD,False,20260818,20561740
PAIR_039,P3,FIN_GATE,submission_dataset/reference/ref_039.png,submission_dataset/search/search_039.png,540.399,569.866,0.5404,0.5699,arbitrary_interior,MEDIUM,"dose=2000,det_sigma=1.5,blur=1.3,charging=False",0.1,-1.08,0.0,0.0,0.0,ROTATION_ROBUSTNESS,STANDARD,False,20260818,20569659
PAIR_040,P3,FIN_GATE,submission_dataset/reference/ref_040.png,submission_dataset/search/search_040.png,589.927,571.786,0.5899,0.5718,arbitrary_interior,MEDIUM,"dose=2000,det_sigma=1.5,blur=1.3,charging=False",0.1,1.09,0.0,0.0,0.0,ROTATION_ROBUSTNESS,STANDARD,False,20260818,20577578
PAIR_041,P3,FIN_GATE,submission_dataset/reference/ref_041.png,submission_dataset/search/search_041.png,521.471,522.43,0.5215,0.5224,arbitrary_interior,MEDIUM,"dose=2000,det_sigma=1.5,blur=1.3,charging=False",0.1,0.0,7.49,-4.9,-5.67,DRIFT_ROBUSTNESS,STANDARD,False,20260818,20585497
PAIR_042,P3,FIN_GATE,submission_dataset/reference/ref_042.png,submission_dataset/search/search_042.png,511.847,555.162,0.5118,0.5552,arbitrary_interior,HIGH,"dose=1200,det_sigma=2.0,blur=1.6,charging=False",0.1,0.0,14.23,10.86,9.19,DRIFT_ROBUSTNESS,STANDARD,False,20260818,20593416
PAIR_043,P3,FIN_GATE,submission_dataset/reference/ref_043.png,submission_dataset/search/search_043.png,659.769,434.163,0.6598,0.4342,right_edge,MEDIUM,"dose=2000,det_sigma=1.5,blur=1.3,charging=False",0.1,0.0,0.0,0.0,0.0,PERIODIC_AMBIGUITY,HIGH_REPEAT,False,20260818,20601335
PAIR_044,P3,FIN_GATE,submission_dataset/reference/ref_044.png,submission_dataset/search/search_044.png,242.409,694.449,0.2424,0.6944,bottom_left,HIGH,"dose=1000,det_sigma=2.2,blur=1.8,charging=False",0.1,0.0,0.0,0.0,0.0,PERIODIC_AMBIGUITY,HIGH_REPEAT,False,20260818,20609254
PAIR_045,P3,FIN_GATE,submission_dataset/reference/ref_045.png,submission_dataset/search/search_045.png,742.41,271.045,0.7424,0.271,top_right,HIGH,"dose=1100,det_sigma=2.1,blur=1.7,charging=True",0.1046,-0.6,7.01,-3.42,6.12,MIXED_STRESS,STANDARD,True,20260818,20617173
PAIR_046,P4,CONTACT_ARRAY,submission_dataset/reference/ref_046.png,submission_dataset/search/search_046.png,513.47,480.443,0.5135,0.4804,arbitrary_interior,LOW,"dose=3500,det_sigma=0.8,blur=1.0,charging=False",0.1,0.0,0.0,0.0,0.0,NOISE_ROBUSTNESS,STANDARD,False,20260818,20625092
PAIR_047,P4,CONTACT_ARRAY,submission_dataset/reference/ref_047.png,submission_dataset/search/search_047.png,491.402,523.404,0.4914,0.5234,arbitrary_interior,MEDIUM,"dose=2000,det_sigma=1.6,blur=1.4,charging=False",0.1,0.0,0.0,0.0,0.0,NOISE_ROBUSTNESS,STANDARD,False,20260818,20633011
PAIR_048,P4,CONTACT_ARRAY,submission_dataset/reference/ref_048.png,submission_dataset/search/search_048.png,520.546,518.642,0.5205,0.5186,arbitrary_interior,HIGH,"dose=1000,det_sigma=2.4,blur=1.9,charging=False",0.1,0.0,0.0,0.0,0.0,NOISE_ROBUSTNESS,STANDARD,False,20260818,20640930
PAIR_049,P4,CONTACT_ARRAY,submission_dataset/reference/ref_049.png,submission_dataset/search/search_049.png,486.8,515.548,0.4868,0.5155,arbitrary_interior,SEVERE,"dose=500,det_sigma=3.2,blur=2.5,charging=True",0.1,0.0,0.0,0.0,0.0,NOISE_ROBUSTNESS,STANDARD,False,20260818,20648849
PAIR_050,P4,CONTACT_ARRAY,submission_dataset/reference/ref_050.png,submission_dataset/search/search_050.png,349.358,198.422,0.3494,0.1984,top_left,MEDIUM,"dose=2000,det_sigma=1.5,blur=1.3,charging=False",0.1,0.0,0.0,0.0,0.0,POSITION_ROBUSTNESS,STANDARD,False,20260818,20656768
PAIR_051,P4,CONTACT_ARRAY,submission_dataset/reference/ref_051.png,submission_dataset/search/search_051.png,768.254,656.083,0.7683,0.6561,bottom_right,MEDIUM,"dose=2000,det_sigma=1.5,blur=1.3,charging=False",0.1,0.0,0.0,0.0,0.0,POSITION_ROBUSTNESS,STANDARD,False,20260818,20664687
PAIR_052,P4,CONTACT_ARRAY,submission_dataset/reference/ref_052.png,submission_dataset/search/search_052.png,553.323,496.103,0.5533,0.4961,arbitrary_interior,MEDIUM,"dose=2000,det_sigma=1.5,blur=1.3,charging=False",0.0917,0.0,0.0,0.0,0.0,SCALE_ROBUSTNESS,STANDARD,False,20260818,20672606
PAIR_053,P4,CONTACT_ARRAY,submission_dataset/reference/ref_053.png,submission_dataset/search/search_053.png,436.162,591.686,0.4362,0.5917,arbitrary_interior,MEDIUM,"dose=2000,det_sigma=1.5,blur=1.3,charging=False",0.1087,0.0,0.0,0.0,0.0,SCALE_ROBUSTNESS,STANDARD,False,20260818,20680525
PAIR_054,P4,CONTACT_ARRAY,submission_dataset/reference/ref_054.png,submission_dataset/search/search_054.png,481.416,498.725,0.4814,0.4987,arbitrary_interior,MEDIUM,"dose=2000,det_sigma=1.5,blur=1.3,charging=False",0.1,-1.47,0.0,0.0,0.0,ROTATION_ROBUSTNESS,STANDARD,False,20260818,20688444
PAIR_055,P4,CONTACT_ARRAY,submission_dataset/reference/ref_055.png,submission_dataset/search/search_055.png,489.851,427.637,0.4899,0.4276,arbitrary_interior,MEDIUM,"dose=2000,det_sigma=1.5,blur=1.3,charging=False",0.1,1.21,0.0,0.0,0.0,ROTATION_ROBUSTNESS,STANDARD,False,20260818,20696363
PAIR_056,P4,CONTACT_ARRAY,submission_dataset/reference/ref_056.png,submission_dataset/search/search_056.png,576.989,448.986,0.577,0.449,arbitrary_interior,MEDIUM,"dose=2000,det_sigma=1.5,blur=1.3,charging=False",0.1,0.0,6.08,3.42,-5.03,DRIFT_ROBUSTNESS,STANDARD,False,20260818,20704282
PAIR_057,P4,CONTACT_ARRAY,submission_dataset/reference/ref_057.png,submission_dataset/search/search_057.png,477.605,548.922,0.4776,0.5489,arbitrary_interior,HIGH,"dose=1200,det_sigma=2.0,blur=1.6,charging=False",0.1,0.0,14.23,10.14,-9.99,DRIFT_ROBUSTNESS,STANDARD,False,20260818,20712201
PAIR_058,P4,CONTACT_ARRAY,submission_dataset/reference/ref_058.png,submission_dataset/search/search_058.png,673.808,595.563,0.6738,0.5956,right_edge,MEDIUM,"dose=2000,det_sigma=1.5,blur=1.3,charging=False",0.1,0.0,0.0,0.0,0.0,PERIODIC_AMBIGUITY,HIGH_REPEAT,False,20260818,20720120
PAIR_059,P4,CONTACT_ARRAY,submission_dataset/reference/ref_059.png,submission_dataset/search/search_059.png,354.201,668.531,0.3542,0.6685,bottom_left,HIGH,"dose=1000,det_sigma=2.2,blur=1.8,charging=False",0.1,0.0,0.0,0.0,0.0,PERIODIC_AMBIGUITY,HIGH_REPEAT,False,20260818,20728039
PAIR_060,P4,CONTACT_ARRAY,submission_dataset/reference/ref_060.png,submission_dataset/search/search_060.png,742.39,284.114,0.7424,0.2841,top_right,HIGH,"dose=1100,det_sigma=2.1,blur=1.7,charging=True",0.0972,0.19,8.72,-6.04,6.29,MIXED_STRESS,STANDARD,True,20260818,20735958
PAIR_061,P5,LOCAL_INTERCONNECT,submission_dataset/reference/ref_061.png,submission_dataset/search/search_061.png,476.478,490.897,0.4765,0.4909,arbitrary_interior,LOW,"dose=3500,det_sigma=0.8,blur=1.0,charging=False",0.1,0.0,0.0,0.0,0.0,NOISE_ROBUSTNESS,STANDARD,False,20260818,20743877
PAIR_062,P5,LOCAL_INTERCONNECT,submission_dataset/reference/ref_062.png,submission_dataset/search/search_062.png,480.161,480.022,0.4802,0.48,arbitrary_interior,MEDIUM,"dose=2000,det_sigma=1.6,blur=1.4,charging=False",0.1,0.0,0.0,0.0,0.0,NOISE_ROBUSTNESS,STANDARD,False,20260818,20751796
PAIR_063,P5,LOCAL_INTERCONNECT,submission_dataset/reference/ref_063.png,submission_dataset/search/search_063.png,510.863,513.256,0.5109,0.5133,arbitrary_interior,HIGH,"dose=1000,det_sigma=2.4,blur=1.9,charging=False",0.1,0.0,0.0,0.0,0.0,NOISE_ROBUSTNESS,STANDARD,False,20260818,20759715
PAIR_064,P5,LOCAL_INTERCONNECT,submission_dataset/reference/ref_064.png,submission_dataset/search/search_064.png,484.507,512.187,0.4845,0.5122,arbitrary_interior,SEVERE,"dose=500,det_sigma=3.2,blur=2.5,charging=True",0.1,0.0,0.0,0.0,0.0,NOISE_ROBUSTNESS,STANDARD,False,20260818,20767634
PAIR_065,P5,LOCAL_INTERCONNECT,submission_dataset/reference/ref_065.png,submission_dataset/search/search_065.png,309.363,307.63,0.3094,0.3076,top_left,MEDIUM,"dose=2000,det_sigma=1.5,blur=1.3,charging=False",0.1,0.0,0.0,0.0,0.0,POSITION_ROBUSTNESS,STANDARD,False,20260818,20775553
PAIR_066,P5,LOCAL_INTERCONNECT,submission_dataset/reference/ref_066.png,submission_dataset/search/search_066.png,704.536,721.75,0.7045,0.7217,bottom_right,MEDIUM,"dose=2000,det_sigma=1.5,blur=1.3,charging=False",0.1,0.0,0.0,0.0,0.0,POSITION_ROBUSTNESS,STANDARD,False,20260818,20783472
PAIR_067,P5,LOCAL_INTERCONNECT,submission_dataset/reference/ref_067.png,submission_dataset/search/search_067.png,524.602,418.797,0.5246,0.4188,arbitrary_interior,MEDIUM,"dose=2000,det_sigma=1.5,blur=1.3,charging=False",0.0933,0.0,0.0,0.0,0.0,SCALE_ROBUSTNESS,STANDARD,False,20260818,20791391
PAIR_068,P5,LOCAL_INTERCONNECT,submission_dataset/reference/ref_068.png,submission_dataset/search/search_068.png,445.461,431.245,0.4455,0.4312,arbitrary_interior,MEDIUM,"dose=2000,det_sigma=1.5,blur=1.3,charging=False",0.108,0.0,0.0,0.0,0.0,SCALE_ROBUSTNESS,STANDARD,False,20260818,20799310
PAIR_069,P5,LOCAL_INTERCONNECT,submission_dataset/reference/ref_069.png,submission_dataset/search/search_069.png,572.379,526.201,0.5724,0.5262,arbitrary_interior,MEDIUM,"dose=2000,det_sigma=1.5,blur=1.3,charging=False",0.1,-1.26,0.0,0.0,0.0,ROTATION_ROBUSTNESS,STANDARD,False,20260818,20807229
PAIR_070,P5,LOCAL_INTERCONNECT,submission_dataset/reference/ref_070.png,submission_dataset/search/search_070.png,429.102,561.326,0.4291,0.5613,arbitrary_interior,MEDIUM,"dose=2000,det_sigma=1.5,blur=1.3,charging=False",0.1,1.41,0.0,0.0,0.0,ROTATION_ROBUSTNESS,STANDARD,False,20260818,20815148
PAIR_071,P5,LOCAL_INTERCONNECT,submission_dataset/reference/ref_071.png,submission_dataset/search/search_071.png,472.439,480.829,0.4724,0.4808,arbitrary_interior,MEDIUM,"dose=2000,det_sigma=1.5,blur=1.3,charging=False",0.1,0.0,7.26,-4.64,-5.58,DRIFT_ROBUSTNESS,STANDARD,False,20260818,20823067
PAIR_072,P5,LOCAL_INTERCONNECT,submission_dataset/reference/ref_072.png,submission_dataset/search/search_072.png,537.604,593.977,0.5376,0.594,arbitrary_interior,HIGH,"dose=1200,det_sigma=2.0,blur=1.6,charging=False",0.1,0.0,13.78,8.49,10.86,DRIFT_ROBUSTNESS,STANDARD,False,20260818,20830986
PAIR_073,P5,LOCAL_INTERCONNECT,submission_dataset/reference/ref_073.png,submission_dataset/search/search_073.png,688.775,477.525,0.6888,0.4775,right_edge,MEDIUM,"dose=2000,det_sigma=1.5,blur=1.3,charging=False",0.1,0.0,0.0,0.0,0.0,PERIODIC_AMBIGUITY,HIGH_REPEAT,False,20260818,20838905
PAIR_074,P5,LOCAL_INTERCONNECT,submission_dataset/reference/ref_074.png,submission_dataset/search/search_074.png,293.333,696.663,0.2933,0.6967,bottom_left,HIGH,"dose=1000,det_sigma=2.2,blur=1.8,charging=False",0.1,0.0,0.0,0.0,0.0,PERIODIC_AMBIGUITY,HIGH_REPEAT,False,20260818,20846824
PAIR_075,P5,LOCAL_INTERCONNECT,submission_dataset/reference/ref_075.png,submission_dataset/search/search_075.png,689.276,293.957,0.6893,0.294,top_right,HIGH,"dose=1100,det_sigma=2.1,blur=1.7,charging=True",0.0984,-0.5,7.65,4.24,-6.37,MIXED_STRESS,STANDARD,True,20260818,20854743
PAIR_076,P6,METAL_ROUTING,submission_dataset/reference/ref_076.png,submission_dataset/search/search_076.png,491.285,488.508,0.4913,0.4885,arbitrary_interior,LOW,"dose=3500,det_sigma=0.8,blur=1.0,charging=False",0.1,0.0,0.0,0.0,0.0,NOISE_ROBUSTNESS,STANDARD,False,20260818,20862662
PAIR_077,P6,METAL_ROUTING,submission_dataset/reference/ref_077.png,submission_dataset/search/search_077.png,484.041,492.005,0.484,0.492,arbitrary_interior,MEDIUM,"dose=2000,det_sigma=1.6,blur=1.4,charging=False",0.1,0.0,0.0,0.0,0.0,NOISE_ROBUSTNESS,STANDARD,False,20260818,20870581
PAIR_078,P6,METAL_ROUTING,submission_dataset/reference/ref_078.png,submission_dataset/search/search_078.png,517.59,521.395,0.5176,0.5214,arbitrary_interior,HIGH,"dose=1000,det_sigma=2.4,blur=1.9,charging=False",0.1,0.0,0.0,0.0,0.0,NOISE_ROBUSTNESS,STANDARD,False,20260818,20878500
PAIR_079,P6,METAL_ROUTING,submission_dataset/reference/ref_079.png,submission_dataset/search/search_079.png,490.788,516.489,0.4908,0.5165,arbitrary_interior,SEVERE,"dose=500,det_sigma=3.2,blur=2.5,charging=True",0.1,0.0,0.0,0.0,0.0,NOISE_ROBUSTNESS,STANDARD,False,20260818,20886419
PAIR_080,P6,METAL_ROUTING,submission_dataset/reference/ref_080.png,submission_dataset/search/search_080.png,298.83,229.216,0.2988,0.2292,top_left,MEDIUM,"dose=2000,det_sigma=1.5,blur=1.3,charging=False",0.1,0.0,0.0,0.0,0.0,POSITION_ROBUSTNESS,STANDARD,False,20260818,20894338
PAIR_081,P6,METAL_ROUTING,submission_dataset/reference/ref_081.png,submission_dataset/search/search_081.png,696.508,751.851,0.6965,0.7519,bottom_right,MEDIUM,"dose=2000,det_sigma=1.5,blur=1.3,charging=False",0.1,0.0,0.0,0.0,0.0,POSITION_ROBUSTNESS,STANDARD,False,20260818,20902257
PAIR_082,P6,METAL_ROUTING,submission_dataset/reference/ref_082.png,submission_dataset/search/search_082.png,530.457,529.665,0.5305,0.5297,arbitrary_interior,MEDIUM,"dose=2000,det_sigma=1.5,blur=1.3,charging=False",0.0939,0.0,0.0,0.0,0.0,SCALE_ROBUSTNESS,STANDARD,False,20260818,20910176
PAIR_083,P6,METAL_ROUTING,submission_dataset/reference/ref_083.png,submission_dataset/search/search_083.png,468.705,512.576,0.4687,0.5126,arbitrary_interior,MEDIUM,"dose=2000,det_sigma=1.5,blur=1.3,charging=False",0.1107,0.0,0.0,0.0,0.0,SCALE_ROBUSTNESS,STANDARD,False,20260818,20918095
PAIR_084,P6,METAL_ROUTING,submission_dataset/reference/ref_084.png,submission_dataset/search/search_084.png,535.712,437.578,0.5357,0.4376,arbitrary_interior,MEDIUM,"dose=2000,det_sigma=1.5,blur=1.3,charging=False",0.1,-1.73,0.0,0.0,0.0,ROTATION_ROBUSTNESS,STANDARD,False,20260818,20926014
PAIR_085,P6,METAL_ROUTING,submission_dataset/reference/ref_085.png,submission_dataset/search/search_085.png,537.563,440.267,0.5376,0.4403,arbitrary_interior,MEDIUM,"dose=2000,det_sigma=1.5,blur=1.3,charging=False",0.1,1.81,0.0,0.0,0.0,ROTATION_ROBUSTNESS,STANDARD,False,20260818,20933933
PAIR_086,P6,METAL_ROUTING,submission_dataset/reference/ref_086.png,submission_dataset/search/search_086.png,464.067,542.426,0.4641,0.5424,arbitrary_interior,MEDIUM,"dose=2000,det_sigma=1.5,blur=1.3,charging=False",0.1,0.0,5.71,4.85,3.01,DRIFT_ROBUSTNESS,STANDARD,False,20260818,20941852
PAIR_087,P6,METAL_ROUTING,submission_dataset/reference/ref_087.png,submission_dataset/search/search_087.png,468.902,499.663,0.4689,0.4997,arbitrary_interior,HIGH,"dose=1200,det_sigma=2.0,blur=1.6,charging=False",0.1,0.0,12.0,-9.37,-7.5,DRIFT_ROBUSTNESS,STANDARD,False,20260818,20949771
PAIR_088,P6,METAL_ROUTING,submission_dataset/reference/ref_088.png,submission_dataset/search/search_088.png,791.403,481.883,0.7914,0.4819,right_edge,MEDIUM,"dose=2000,det_sigma=1.5,blur=1.3,charging=False",0.1,0.0,0.0,0.0,0.0,PERIODIC_AMBIGUITY,HIGH_REPEAT,False,20260818,20957690
PAIR_089,P6,METAL_ROUTING,submission_dataset/reference/ref_089.png,submission_dataset/search/search_089.png,224.343,699.852,0.2243,0.6999,bottom_left,HIGH,"dose=1000,det_sigma=2.2,blur=1.8,charging=False",0.1,0.0,0.0,0.0,0.0,PERIODIC_AMBIGUITY,HIGH_REPEAT,False,20260818,20965609
PAIR_090,P6,METAL_ROUTING,submission_dataset/reference/ref_090.png,submission_dataset/search/search_090.png,715.36,330.935,0.7154,0.3309,top_right,HIGH,"dose=1100,det_sigma=2.1,blur=1.7,charging=True",0.1013,-0.25,7.71,-6.96,3.32,MIXED_STRESS,STANDARD,True,20260818,20973528
PAIR_091,P7,ACTIVE_CELL,submission_dataset/reference/ref_091.png,submission_dataset/search/search_091.png,488.598,507.921,0.4886,0.5079,arbitrary_interior,LOW,"dose=3500,det_sigma=0.8,blur=1.0,charging=False",0.1,0.0,0.0,0.0,0.0,NOISE_ROBUSTNESS,STANDARD,False,20260818,20981447
PAIR_092,P7,ACTIVE_CELL,submission_dataset/reference/ref_092.png,submission_dataset/search/search_092.png,517.25,509.065,0.5173,0.5091,arbitrary_interior,MEDIUM,"dose=2000,det_sigma=1.6,blur=1.4,charging=False",0.1,0.0,0.0,0.0,0.0,NOISE_ROBUSTNESS,STANDARD,False,20260818,20989366
PAIR_093,P7,ACTIVE_CELL,submission_dataset/reference/ref_093.png,submission_dataset/search/search_093.png,483.75,479.665,0.4837,0.4797,arbitrary_interior,HIGH,"dose=1000,det_sigma=2.4,blur=1.9,charging=False",0.1,0.0,0.0,0.0,0.0,NOISE_ROBUSTNESS,STANDARD,False,20260818,20997285
PAIR_094,P7,ACTIVE_CELL,submission_dataset/reference/ref_094.png,submission_dataset/search/search_094.png,512.004,513.143,0.512,0.5131,arbitrary_interior,SEVERE,"dose=500,det_sigma=3.2,blur=2.5,charging=True",0.1,0.0,0.0,0.0,0.0,NOISE_ROBUSTNESS,STANDARD,False,20260818,21005204
PAIR_095,P7,ACTIVE_CELL,submission_dataset/reference/ref_095.png,submission_dataset/search/search_095.png,255.719,346.117,0.2557,0.3461,top_left,MEDIUM,"dose=2000,det_sigma=1.5,blur=1.3,charging=False",0.1,0.0,0.0,0.0,0.0,POSITION_ROBUSTNESS,STANDARD,False,20260818,21013123
PAIR_096,P7,ACTIVE_CELL,submission_dataset/reference/ref_096.png,submission_dataset/search/search_096.png,679.953,662.324,0.68,0.6623,bottom_right,MEDIUM,"dose=2000,det_sigma=1.5,blur=1.3,charging=False",0.1,0.0,0.0,0.0,0.0,POSITION_ROBUSTNESS,STANDARD,False,20260818,21021042
PAIR_097,P7,ACTIVE_CELL,submission_dataset/reference/ref_097.png,submission_dataset/search/search_097.png,570.255,419.489,0.5703,0.4195,arbitrary_interior,MEDIUM,"dose=2000,det_sigma=1.5,blur=1.3,charging=False",0.0932,0.0,0.0,0.0,0.0,SCALE_ROBUSTNESS,STANDARD,False,20260818,21028961
PAIR_098,P7,ACTIVE_CELL,submission_dataset/reference/ref_098.png,submission_dataset/search/search_098.png,403.647,580.769,0.4036,0.5808,arbitrary_interior,MEDIUM,"dose=2000,det_sigma=1.5,blur=1.3,charging=False",0.1072,0.0,0.0,0.0,0.0,SCALE_ROBUSTNESS,STANDARD,False,20260818,21036880
PAIR_099,P7,ACTIVE_CELL,submission_dataset/reference/ref_099.png,submission_dataset/search/search_099.png,453.441,459.793,0.4534,0.4598,arbitrary_interior,MEDIUM,"dose=2000,det_sigma=1.5,blur=1.3,charging=False",0.1,-1.14,0.0,0.0,0.0,ROTATION_ROBUSTNESS,STANDARD,False,20260818,21044799
PAIR_100,P7,ACTIVE_CELL,submission_dataset/reference/ref_100.png,submission_dataset/search/search_100.png,404.645,441.072,0.4046,0.4411,arbitrary_interior,MEDIUM,"dose=2000,det_sigma=1.5,blur=1.3,charging=False",0.1,1.48,0.0,0.0,0.0,ROTATION_ROBUSTNESS,STANDARD,False,20260818,21052718
PAIR_101,P7,ACTIVE_CELL,submission_dataset/reference/ref_101.png,submission_dataset/search/search_101.png,542.552,560.137,0.5426,0.5601,arbitrary_interior,MEDIUM,"dose=2000,det_sigma=1.5,blur=1.3,charging=False",0.1,0.0,6.82,4.34,5.26,DRIFT_ROBUSTNESS,STANDARD,False,20260818,21060637
PAIR_102,P7,ACTIVE_CELL,submission_dataset/reference/ref_102.png,submission_dataset/search/search_102.png,460.774,528.837,0.4608,0.5288,arbitrary_interior,HIGH,"dose=1200,det_sigma=2.0,blur=1.6,charging=False",0.1,0.0,12.23,7.91,-9.32,DRIFT_ROBUSTNESS,STANDARD,False,20260818,21068556
PAIR_103,P7,ACTIVE_CELL,submission_dataset/reference/ref_103.png,submission_dataset/search/search_103.png,738.188,452.536,0.7382,0.4525,right_edge,MEDIUM,"dose=2000,det_sigma=1.5,blur=1.3,charging=False",0.1,0.0,0.0,0.0,0.0,PERIODIC_AMBIGUITY,HIGH_REPEAT,False,20260818,21076475
PAIR_104,P7,ACTIVE_CELL,submission_dataset/reference/ref_104.png,submission_dataset/search/search_104.png,251.51,714.493,0.2515,0.7145,bottom_left,HIGH,"dose=1000,det_sigma=2.2,blur=1.8,charging=False",0.1,0.0,0.0,0.0,0.0,PERIODIC_AMBIGUITY,HIGH_REPEAT,False,20260818,21084394
PAIR_105,P7,ACTIVE_CELL,submission_dataset/reference/ref_105.png,submission_dataset/search/search_105.png,723.819,290.293,0.7238,0.2903,top_right,HIGH,"dose=1100,det_sigma=2.1,blur=1.7,charging=True",0.0945,-0.45,5.06,3.34,3.8,MIXED_STRESS,STANDARD,True,20260818,21092313
PAIR_106,P8,FINFET_FULL_CELL,submission_dataset/reference/ref_106.png,submission_dataset/search/search_106.png,478.847,487.083,0.4788,0.4871,arbitrary_interior,LOW,"dose=3500,det_sigma=0.8,blur=1.0,charging=False",0.1,0.0,0.0,0.0,0.0,NOISE_ROBUSTNESS,STANDARD,False,20260818,21100232
PAIR_107,P8,FINFET_FULL_CELL,submission_dataset/reference/ref_107.png,submission_dataset/search/search_107.png,476.972,479.12,0.477,0.4791,arbitrary_interior,MEDIUM,"dose=2000,det_sigma=1.6,blur=1.4,charging=False",0.1,0.0,0.0,0.0,0.0,NOISE_ROBUSTNESS,STANDARD,False,20260818,21108151
PAIR_108,P8,FINFET_FULL_CELL,submission_dataset/reference/ref_108.png,submission_dataset/search/search_108.png,481.26,479.251,0.4813,0.4793,arbitrary_interior,HIGH,"dose=1000,det_sigma=2.4,blur=1.9,charging=False",0.1,0.0,0.0,0.0,0.0,NOISE_ROBUSTNESS,STANDARD,False,20260818,21116070
PAIR_109,P8,FINFET_FULL_CELL,submission_dataset/reference/ref_109.png,submission_dataset/search/search_109.png,492.324,491.052,0.4923,0.4911,arbitrary_interior,SEVERE,"dose=500,det_sigma=3.2,blur=2.5,charging=True",0.1,0.0,0.0,0.0,0.0,NOISE_ROBUSTNESS,STANDARD,False,20260818,21123989
PAIR_110,P8,FINFET_FULL_CELL,submission_dataset/reference/ref_110.png,submission_dataset/search/search_110.png,261.233,340.153,0.2612,0.3402,top_left,MEDIUM,"dose=2000,det_sigma=1.5,blur=1.3,charging=False",0.1,0.0,0.0,0.0,0.0,POSITION_ROBUSTNESS,STANDARD,False,20260818,21131908
PAIR_111,P8,FINFET_FULL_CELL,submission_dataset/reference/ref_111.png,submission_dataset/search/search_111.png,673.652,684.517,0.6737,0.6845,bottom_right,MEDIUM,"dose=2000,det_sigma=1.5,blur=1.3,charging=False",0.1,0.0,0.0,0.0,0.0,POSITION_ROBUSTNESS,STANDARD,False,20260818,21139827
PAIR_112,P8,FINFET_FULL_CELL,submission_dataset/reference/ref_112.png,submission_dataset/search/search_112.png,576.484,437.704,0.5765,0.4377,arbitrary_interior,MEDIUM,"dose=2000,det_sigma=1.5,blur=1.3,charging=False",0.092,0.0,0.0,0.0,0.0,SCALE_ROBUSTNESS,STANDARD,False,20260818,21147746
PAIR_113,P8,FINFET_FULL_CELL,submission_dataset/reference/ref_113.png,submission_dataset/search/search_113.png,458.654,514.143,0.4587,0.5141,arbitrary_interior,MEDIUM,"dose=2000,det_sigma=1.5,blur=1.3,charging=False",0.11,0.0,0.0,0.0,0.0,SCALE_ROBUSTNESS,STANDARD,False,20260818,21155665
PAIR_114,P8,FINFET_FULL_CELL,submission_dataset/reference/ref_114.png,submission_dataset/search/search_114.png,480.407,402.789,0.4804,0.4028,arbitrary_interior,MEDIUM,"dose=2000,det_sigma=1.5,blur=1.3,charging=False",0.1,-1.38,0.0,0.0,0.0,ROTATION_ROBUSTNESS,STANDARD,False,20260818,21163584
PAIR_115,P8,FINFET_FULL_CELL,submission_dataset/reference/ref_115.png,submission_dataset/search/search_115.png,510.069,425.918,0.5101,0.4259,arbitrary_interior,MEDIUM,"dose=2000,det_sigma=1.5,blur=1.3,charging=False",0.1,1.44,0.0,0.0,0.0,ROTATION_ROBUSTNESS,STANDARD,False,20260818,21171503
PAIR_116,P8,FINFET_FULL_CELL,submission_dataset/reference/ref_116.png,submission_dataset/search/search_116.png,495.055,454.839,0.4951,0.4548,arbitrary_interior,MEDIUM,"dose=2000,det_sigma=1.5,blur=1.3,charging=False",0.1,0.0,8.01,5.65,-5.69,DRIFT_ROBUSTNESS,STANDARD,False,20260818,21179422
PAIR_117,P8,FINFET_FULL_CELL,submission_dataset/reference/ref_117.png,submission_dataset/search/search_117.png,437.913,443.23,0.4379,0.4432,arbitrary_interior,HIGH,"dose=1200,det_sigma=2.0,blur=1.6,charging=False",0.1,0.0,12.86,-7.65,-10.34,DRIFT_ROBUSTNESS,STANDARD,False,20260818,21187341
PAIR_118,P8,FINFET_FULL_CELL,submission_dataset/reference/ref_118.png,submission_dataset/search/search_118.png,689.662,570.624,0.6897,0.5706,right_edge,MEDIUM,"dose=2000,det_sigma=1.5,blur=1.3,charging=False",0.1,0.0,0.0,0.0,0.0,PERIODIC_AMBIGUITY,HIGH_REPEAT,False,20260818,21195260
PAIR_119,P8,FINFET_FULL_CELL,submission_dataset/reference/ref_119.png,submission_dataset/search/search_119.png,307.161,726.005,0.3072,0.726,bottom_left,HIGH,"dose=1000,det_sigma=2.2,blur=1.8,charging=False",0.1,0.0,0.0,0.0,0.0,PERIODIC_AMBIGUITY,HIGH_REPEAT,False,20260818,21203179
PAIR_120,P8,FINFET_FULL_CELL,submission_dataset/reference/ref_120.png,submission_dataset/search/search_120.png,685.026,274.85,0.685,0.2748,top_right,HIGH,"dose=1100,det_sigma=2.1,blur=1.7,charging=True",0.103,0.55,6.53,4.84,-4.39,MIXED_STRESS,STANDARD,True,20260818,21211098
