pattern_name,tech_node,N,mean_error,median_error,p95_error,accuracy_lt_1px,accuracy_lt_2px,subpixel_rate
dram_1x,14nm,25,0.421,0.372,0.892,92.0,100.0,92.0
dram_dense,10nm,24,0.384,0.341,0.845,91.7,100.0,91.7
dram_wide,20nm,24,0.352,0.312,0.781,95.8,100.0,95.8
dram_loose,28nm,25,0.318,0.289,0.712,96.0,100.0,96.0
dram_compact,7nm,24,0.451,0.394,0.934,87.5,95.8,87.5
finfet_7nm,7nm,25,0.482,0.418,0.985,84.0,96.0,84.0
finfet_10nm,10nm,24,0.412,0.362,0.891,87.5,95.8,87.5
finfet_14nm,14nm,25,0.284,0.241,0.621,96.0,100.0,96.0
finfet_22nm,22nm,24,0.221,0.192,0.512,100.0,100.0,100.0
